"ネット名";"ネットクラス";"ネット長 (mm)";"ビア カウント";"ビア長さ (mm)";"配線長 (mm)";"ダイの長さ (mm)";"パッド数";"F.Cu (mm)";"B.Cu (mm)";"In1.Cu (mm)";"In2.Cu (mm)";
"/USB_D_N";"USB3_90ohm と Default";1.9418;0;0.0000;1.9418;0.0000;2;1.9418;0.0000;0.0000;0.0000;
"GND";"Default";84.9559;28;4.7400;80.2159;0.0000;72;78.9054;1.3105;0.0000;0.0000;
"/USB_D_P";"USB3_90ohm と Default";1.9214;0;0.0000;1.9214;0.0000;2;1.9214;0.0000;0.0000;0.0000;
"/FT601_D_P";"USB3_90ohm と Default";6.9253;0;0.0000;6.9253;0.0000;2;6.9253;0.0000;0.0000;0.0000;
"VBUS";"Default";8.8439;0;0.0000;8.8439;0.0000;3;8.8439;0.0000;0.0000;0.0000;
"/FT601_D_N";"USB3_90ohm と Default";8.9899;0;0.0000;8.9899;0.0000;2;8.9899;0.0000;0.0000;0.0000;
"/FT601_D31";"Default";2.2181;0;0.0000;2.2181;0.0000;2;2.2181;0.0000;0.0000;0.0000;
"/FT601_D30";"Default";2.3857;0;0.0000;2.3857;0.0000;2;2.3857;0.0000;0.0000;0.0000;
"/FT601_D29";"Default";2.2978;0;0.0000;2.2978;0.0000;2;2.2978;0.0000;0.0000;0.0000;
"/FT601_D28";"Default";2.2064;0;0.0000;2.2064;0.0000;2;2.2064;0.0000;0.0000;0.0000;
"/H10_IOT3B_S2";"Default";20.8623;0;0.0000;20.8623;0.0000;2;20.8623;0.0000;0.0000;0.0000;
"/G11_IOT7A";"Default";21.7209;0;0.0000;21.7209;0.0000;2;21.7209;0.0000;0.0000;0.0000;
"/G4_IOB89A_40P";"Default";19.4724;0;0.0000;19.4724;0.0000;2;19.4724;0.0000;0.0000;0.0000;
"/J2_IOR33B_40P";"Default";18.7375;0;0.0000;18.7375;0.0000;2;18.7375;0.0000;0.0000;0.0000;
"/FT601_CLK";"Default";3.0963;0;0.0000;3.0963;0.0000;2;3.0963;0.0000;0.0000;0.0000;
"/K5_IOT63B";"Default";14.1249;0;0.0000;14.1249;0.0000;2;14.1249;0.0000;0.0000;0.0000;
"Net-(LED1-K)";"Default";0.0000;0;0.0000;0.0000;0.0000;2;0.0000;0.0000;0.0000;0.0000;
"Net-(LED1-A)";"Default";0.0000;0;0.0000;0.0000;0.0000;2;0.0000;0.0000;0.0000;0.0000;
"+3.3VP";"Default";12.6797;0;0.0000;12.6797;0.0000;11;12.6797;0.0000;0.0000;0.0000;
"/MIPI_SDA";"Default";9.7972;0;0.0000;9.7972;0.0000;3;9.7972;0.0000;0.0000;0.0000;
"Net-(U1-DV10)";"Default";9.2702;3;0.0000;9.2702;0.0000;11;9.2702;0.0000;0.0000;0.0000;
"+3V3";"Default";15.3566;8;0.0000;15.3566;0.0000;14;15.3566;0.0000;0.0000;0.0000;
"VCC";"Default";15.5413;5;0.0000;15.5413;0.0000;21;15.5413;0.0000;0.0000;0.0000;
"Net-(J1-SHIELD)";"Default";18.1540;0;0.0000;18.1540;0.0000;8;18.1540;0.0000;0.0000;0.0000;
"/FT601_GPIO1";"Default";4.3910;0;0.0000;4.3910;0.0000;2;4.3910;0.0000;0.0000;0.0000;
"/H2_IOB91B_40P";"Default";32.2806;0;0.0000;32.2806;0.0000;4;32.2806;0.0000;0.0000;0.0000;
"/USB_SSTX_N";"USB3_90ohm と Default";7.4827;0;0.0000;7.4827;0.0000;4;7.4827;0.0000;0.0000;0.0000;
"/FT601_TODN";"USB3_90ohm と Default";3.5905;0;0.0000;3.5905;0.0000;2;3.5905;0.0000;0.0000;0.0000;
"/FT601_BE3";"Default";5.0267;0;0.0000;5.0267;0.0000;2;5.0267;0.0000;0.0000;0.0000;
"/FT601_BE2";"Default";4.3439;0;0.0000;4.3439;0.0000;2;4.3439;0.0000;0.0000;0.0000;
"/FT601_BE1";"Default";3.6024;0;0.0000;3.6024;0.0000;2;3.6024;0.0000;0.0000;0.0000;
"/FT601_BE0";"Default";2.8648;0;0.0000;2.8648;0.0000;2;2.8648;0.0000;0.0000;0.0000;
"/J1_IOR33A_40P";"Default";21.5097;0;0.0000;21.5097;0.0000;2;21.5097;0.0000;0.0000;0.0000;
"/L3_IOR31B_40P";"Default";20.8780;0;0.0000;20.8780;0.0000;2;20.8780;0.0000;0.0000;0.0000;
"/L4_IOR31A_40P";"Default";20.1952;0;0.0000;20.1952;0.0000;2;20.1952;0.0000;0.0000;0.0000;
"/G1_IOR24B_40P";"Default";19.4830;0;0.0000;19.4830;0.0000;2;19.4830;0.0000;0.0000;0.0000;
"Net-(U4-FB)";"Default";2.9405;0;0.0000;2.9405;0.0000;4;2.9405;0.0000;0.0000;0.0000;
"/G10_IOT7B";"Default";44.7967;2;3.1600;41.6367;0.0000;3;3.5502;38.0865;0.0000;0.0000;
"/B1_JTAG_TMS";"Default";10.0536;1;1.5800;8.4736;0.0000;2;3.8628;4.6108;0.0000;0.0000;
"/A3_JTAG_TDI";"Default";7.5933;0;0.0000;7.5933;0.0000;2;7.5933;0.0000;0.0000;0.0000;
"/A2_JTAG_TDO";"Default";8.4229;0;0.0000;8.4229;0.0000;2;8.4229;0.0000;0.0000;0.0000;
"/C1_JTAG_TCK";"Default";9.6032;0;0.0000;9.6032;0.0000;2;9.6032;0.0000;0.0000;0.0000;
"/L9_IOT31A_40P";"Default";15.1803;0;0.0000;15.1803;0.0000;2;15.1803;0.0000;0.0000;0.0000;
"/H5_IOT61A";"Default";14.3789;0;0.0000;14.3789;0.0000;2;14.3789;0.0000;0.0000;0.0000;
"/K9_IOT31B_40P";"Default";15.8118;0;0.0000;15.8118;0.0000;2;15.8118;0.0000;0.0000;0.0000;
"/J5_IOT61B";"Default";14.9403;0;0.0000;14.9403;0.0000;2;14.9403;0.0000;0.0000;0.0000;
"/J8_IOT56A_40P";"Default";16.1426;0;0.0000;16.1426;0.0000;2;16.1426;0.0000;0.0000;0.0000;
"/L5_IOT63A";"Default";15.3635;0;0.0000;15.3635;0.0000;2;15.3635;0.0000;0.0000;0.0000;
"/K8_IOT56B_40P";"Default";16.3694;0;0.0000;16.3694;0.0000;2;16.3694;0.0000;0.0000;0.0000;
"/F7_IOT58A_40P";"Default";18.3858;0;0.0000;18.3858;0.0000;2;18.3858;0.0000;0.0000;0.0000;
"/H8_IOT66A";"Default";16.0863;0;0.0000;16.0863;0.0000;2;16.0863;0.0000;0.0000;0.0000;
"/F6_IOT58B_40P";"Default";14.6410;0;0.0000;14.6410;0.0000;2;14.6410;0.0000;0.0000;0.0000;
"/H7_IOT66B";"Default";17.3864;0;0.0000;17.3864;0.0000;2;17.3864;0.0000;0.0000;0.0000;
"/G7_IOT68A";"Default";18.7523;0;0.0000;18.7523;0.0000;2;18.7523;0.0000;0.0000;0.0000;
"/E8_READY";"Default";0.0000;0;0.0000;0.0000;0.0000;1;0.0000;0.0000;0.0000;0.0000;
"/G8_IOT68B";"Default";20.1546;0;0.0000;20.1546;0.0000;2;20.1546;0.0000;0.0000;0.0000;
"/B3_IOB56A_UART_RX";"Default";0.0000;0;0.0000;0.0000;0.0000;1;0.0000;0.0000;0.0000;0.0000;
"/F5_IOT72A";"Default";21.6981;0;0.0000;21.6981;0.0000;2;21.6981;0.0000;0.0000;0.0000;
"/C3_IOB56B_UART_TX";"Default";0.0000;0;0.0000;0.0000;0.0000;1;0.0000;0.0000;0.0000;0.0000;
"/G5_IOT72B";"Default";23.0638;0;0.0000;23.0638;0.0000;2;23.0638;0.0000;0.0000;0.0000;
"/E3_IOB60A_40P";"Default";0.0000;0;0.0000;0.0000;0.0000;1;0.0000;0.0000;0.0000;0.0000;
"/D7_DONE";"Default";0.0000;0;0.0000;0.0000;0.0000;1;0.0000;0.0000;0.0000;0.0000;
"/L6_IOT23A_USB_P";"Default";24.9339;0;0.0000;24.9339;0.0000;2;24.9339;0.0000;0.0000;0.0000;
"/K6_IOT23B_USB_N";"Default";26.2892;0;0.0000;26.2892;0.0000;2;26.2892;0.0000;0.0000;0.0000;
"/J11_IOT1A_40P";"Default";18.5138;0;0.0000;18.5138;0.0000;2;18.5138;0.0000;0.0000;0.0000;
"/K7_IOT21A_40P";"Default";29.4307;0;0.0000;29.4307;0.0000;2;29.4307;0.0000;0.0000;0.0000;
"/J10_IOT1B_40P";"Default";19.1585;0;0.0000;19.1585;0.0000;2;19.1585;0.0000;0.0000;0.0000;
"/J7_IOT21B_40P";"Default";30.8550;0;0.0000;30.8550;0.0000;2;30.8550;0.0000;0.0000;0.0000;
"/H11_IOT3A_S1";"Default";19.8795;0;0.0000;19.8795;0.0000;2;19.8795;0.0000;0.0000;0.0000;
"/L7_IOT19A_40P";"Default";32.2792;0;0.0000;32.2792;0.0000;2;32.2792;0.0000;0.0000;0.0000;
"/L8_IOT19B_40P";"Default";33.7621;0;0.0000;33.7621;0.0000;2;33.7621;0.0000;0.0000;0.0000;
"/L10_IOT15A_40P";"Default";35.3692;0;0.0000;35.3692;0.0000;2;35.3692;0.0000;0.0000;0.0000;
"/K10_IOT15B_40P";"Default";36.7403;0;0.0000;36.7403;0.0000;2;36.7403;0.0000;0.0000;0.0000;
"/K11_IOT11A";"Default";38.5353;0;0.0000;38.5353;0.0000;2;38.5353;0.0000;0.0000;0.0000;
"/D11_IOL9A";"Default";33.6738;2;3.1600;30.5138;0.0000;3;12.2959;18.2179;0.0000;0.0000;
"/L11_IOT11B";"Default";40.0177;0;0.0000;40.0177;0.0000;2;40.0177;0.0000;0.0000;0.0000;
"/D10_IOL9B";"Default";29.2784;2;3.1600;26.1184;0.0000;3;11.1452;14.9732;0.0000;0.0000;
"/C11_IOL5A";"Default";34.3946;2;3.1600;31.2346;0.0000;3;11.0618;20.1728;0.0000;0.0000;
"/E11_IOL3A";"Default";0.0000;0;0.0000;0.0000;0.0000;1;0.0000;0.0000;0.0000;0.0000;
"/C10_IOL5B";"Default";0.0000;0;0.0000;0.0000;0.0000;1;0.0000;0.0000;0.0000;0.0000;
"/E10_IOL3B";"Default";0.0000;0;0.0000;0.0000;0.0000;1;0.0000;0.0000;0.0000;0.0000;
"/B11_IOL12A";"Default";0.0000;0;0.0000;0.0000;0.0000;1;0.0000;0.0000;0.0000;0.0000;
"/A11_IOL14A";"Default";0.0000;0;0.0000;0.0000;0.0000;1;0.0000;0.0000;0.0000;0.0000;
"/B10_IOL12B";"Default";0.0000;0;0.0000;0.0000;0.0000;1;0.0000;0.0000;0.0000;0.0000;
"/A10_IOL14B";"Default";0.0000;0;0.0000;0.0000;0.0000;1;0.0000;0.0000;0.0000;0.0000;
"/USB_SSTX_P";"USB3_90ohm と Default";7.3160;0;0.0000;7.3160;0.0000;4;7.3160;0.0000;0.0000;0.0000;
"/USB_SSRX_N";"USB3_90ohm と Default";9.8808;0;0.0000;9.8808;0.0000;4;9.8808;0.0000;0.0000;0.0000;
"/USB_SSRX_P";"USB3_90ohm と Default";9.9551;0;0.0000;9.9551;0.0000;4;9.9551;0.0000;0.0000;0.0000;
"/PGOOD";"Default";0.0000;0;0.0000;0.0000;0.0000;2;0.0000;0.0000;0.0000;0.0000;
"Net-(U4-SW)";"Default";3.6501;0;0.0000;3.6501;0.0000;2;3.6501;0.0000;0.0000;0.0000;
"+5V";"Default";25.4505;9;1.5800;23.8705;0.0000;12;23.8705;0.0000;0.0000;0.0000;
"+1V8";"Default";3.7314;2;0.0000;3.7314;0.0000;3;3.7314;0.0000;0.0000;0.0000;
"Net-(U1-XO)";"Default";9.5827;0;0.0000;9.5827;0.0000;3;9.5827;0.0000;0.0000;0.0000;
"Net-(U1-XI)";"Default";8.3088;0;0.0000;8.3088;0.0000;3;8.3088;0.0000;0.0000;0.0000;
"/FT601_D11";"Default";2.2024;0;0.0000;2.2024;0.0000;2;2.2024;0.0000;0.0000;0.0000;
"/FT601_D10";"Default";2.2024;0;0.0000;2.2024;0.0000;2;2.2024;0.0000;0.0000;0.0000;
"/FT601_D9";"Default";2.2024;0;0.0000;2.2024;0.0000;2;2.2024;0.0000;0.0000;0.0000;
"/FT601_D8";"Default";2.2024;0;0.0000;2.2024;0.0000;2;2.2024;0.0000;0.0000;0.0000;
"Net-(U1-RREF)";"Default";0.0000;0;0.0000;0.0000;0.0000;2;0.0000;0.0000;0.0000;0.0000;
"/FT601_TXE";"Default";5.8152;0;0.0000;5.8152;0.0000;2;5.8152;0.0000;0.0000;0.0000;
"/G2_IOR24A_40P";"Default";19.2838;0;0.0000;19.2838;0.0000;2;19.2838;0.0000;0.0000;0.0000;
"/FT601_D27";"Default";2.0939;0;0.0000;2.0939;0.0000;2;2.0939;0.0000;0.0000;0.0000;
"/FT601_D26";"Default";2.0939;0;0.0000;2.0939;0.0000;2;2.0939;0.0000;0.0000;0.0000;
"/FT601_D25";"Default";2.0939;0;0.0000;2.0939;0.0000;2;2.0939;0.0000;0.0000;0.0000;
"/FT601_D24";"Default";2.0939;0;0.0000;2.0939;0.0000;2;2.0939;0.0000;0.0000;0.0000;
"VCCIO33";"Default";0.0000;0;0.0000;0.0000;0.0000;3;0.0000;0.0000;0.0000;0.0000;
"/FT601_D15";"Default";2.3032;0;0.0000;2.3032;0.0000;2;2.3032;0.0000;0.0000;0.0000;
"/FT601_D14";"Default";2.3267;0;0.0000;2.3267;0.0000;2;2.3267;0.0000;0.0000;0.0000;
"/FT601_D13";"Default";2.3267;0;0.0000;2.3267;0.0000;2;2.3267;0.0000;0.0000;0.0000;
"/FT601_D12";"Default";2.3267;0;0.0000;2.3267;0.0000;2;2.3267;0.0000;0.0000;0.0000;
"Net-(U5-EN)";"Default";2.2592;0;0.0000;2.2592;0.0000;3;2.2592;0.0000;0.0000;0.0000;
"/MIPI_GPIO0";"Default";4.9423;0;0.0000;4.9423;0.0000;3;4.9423;0.0000;0.0000;0.0000;
"+2V5";"Default";5.9241;4;0.0000;5.9241;0.0000;3;5.9241;0.0000;0.0000;0.0000;
"/FT601_D3";"Default";2.2267;0;0.0000;2.2267;0.0000;2;2.2267;0.0000;0.0000;0.0000;
"/FT601_D2";"Default";2.2267;0;0.0000;2.2267;0.0000;2;2.2267;0.0000;0.0000;0.0000;
"/FT601_D1";"Default";2.2267;0;0.0000;2.2267;0.0000;2;2.2267;0.0000;0.0000;0.0000;
"/FT601_D0";"Default";2.2267;0;0.0000;2.2267;0.0000;2;2.2267;0.0000;0.0000;0.0000;
"/FT601_TODP";"USB3_90ohm と Default";3.5905;0;0.0000;3.5905;0.0000;2;3.5905;0.0000;0.0000;0.0000;
"/FT601_GPIO0";"Default";4.1083;0;0.0000;4.1083;0.0000;2;4.1083;0.0000;0.0000;0.0000;
"/H1_IOB91A_40P";"Default";30.4814;0;0.0000;30.4814;0.0000;2;30.4814;0.0000;0.0000;0.0000;
"/B2_IOB4A_40P";"Default";1.5461;1;0.0000;1.5461;0.0000;2;1.5461;0.0000;0.0000;0.0000;
"/A1_IOB24A_40P";"Default";2.5938;1;0.0000;2.5938;0.0000;2;2.5938;0.0000;0.0000;0.0000;
"/C2_IOB4B_40P";"Default";1.4487;1;0.0000;1.4487;0.0000;2;1.4487;0.0000;0.0000;0.0000;
"/PMOD_A5";"Default";0.0000;0;0.0000;0.0000;0.0000;1;0.0000;0.0000;0.0000;0.0000;
"/F2_IOB26A_40P";"Default";2.3588;1;0.0000;2.3588;0.0000;2;2.3588;0.0000;0.0000;0.0000;
"/E1_IOB12B_40P";"Default";3.4138;1;0.0000;3.4138;0.0000;2;3.4138;0.0000;0.0000;0.0000;
"/F1_IOB26B_40P";"Default";3.2041;1;0.0000;3.2041;0.0000;2;3.2041;0.0000;0.0000;0.0000;
"/D1_IOB14B_40P";"Default";2.9754;1;0.0000;2.9754;0.0000;2;2.9754;0.0000;0.0000;0.0000;
"/M0_D0_N";"MIPI_100ohm と Default";30.0099;0;0.0000;30.0099;0.0000;2;30.0099;0.0000;0.0000;0.0000;
"/M0_D0_P";"MIPI_100ohm と Default";29.9292;0;0.0000;29.9292;0.0000;2;29.9292;0.0000;0.0000;0.0000;
"/M0_D1_N";"MIPI_100ohm と Default";31.0229;0;0.0000;31.0229;0.0000;2;31.0229;0.0000;0.0000;0.0000;
"/M0_D1_P";"MIPI_100ohm と Default";31.0229;0;0.0000;31.0229;0.0000;2;31.0229;0.0000;0.0000;0.0000;
"/M0_CK_N";"MIPI_100ohm と Default";32.0928;0;0.0000;32.0928;0.0000;2;32.0928;0.0000;0.0000;0.0000;
"/M0_CK_P";"MIPI_100ohm と Default";32.1499;0;0.0000;32.1499;0.0000;2;32.1499;0.0000;0.0000;0.0000;
"/M0_D2_N";"MIPI_100ohm と Default";32.4210;0;0.0000;32.4210;0.0000;2;32.4210;0.0000;0.0000;0.0000;
"/M0_D2_P";"MIPI_100ohm と Default";32.4210;0;0.0000;32.4210;0.0000;2;32.4210;0.0000;0.0000;0.0000;
"/M0_D3_N";"MIPI_100ohm と Default";33.3925;0;0.0000;33.3925;0.0000;2;33.3925;0.0000;0.0000;0.0000;
"/M0_D3_P";"MIPI_100ohm と Default";33.3925;0;0.0000;33.3925;0.0000;2;33.3925;0.0000;0.0000;0.0000;
"/MIPI_GPIO1";"Default";0.0000;0;0.0000;0.0000;0.0000;1;0.0000;0.0000;0.0000;0.0000;
"/MIPI_SCL";"Default";11.7872;0;0.0000;11.7872;0.0000;3;11.7872;0.0000;0.0000;0.0000;
"/USB_ID";"Default";0.0000;0;0.0000;0.0000;0.0000;1;0.0000;0.0000;0.0000;0.0000;
"/FT601_WAKEUP";"Default";33.6435;0;0.0000;33.6435;0.0000;3;33.6435;0.0000;0.0000;0.0000;
"/FT601_RESET";"Default";27.8284;0;0.0000;27.8284;0.0000;3;27.8284;0.0000;0.0000;0.0000;
"/FT601_RXF";"Default";6.8052;0;0.0000;6.8052;0.0000;2;6.8052;0.0000;0.0000;0.0000;
"/K4_IOR22B_40P";"Default";18.3594;0;0.0000;18.3594;0.0000;2;18.3594;0.0000;0.0000;0.0000;
"Net-(U1-AVDD)";"Default";4.6833;2;0.0000;4.6833;0.0000;3;4.6833;0.0000;0.0000;0.0000;
"/FT601_D7";"Default";2.1024;0;0.0000;2.1024;0.0000;2;2.1024;0.0000;0.0000;0.0000;
"/FT601_D6";"Default";2.1024;0;0.0000;2.1024;0.0000;2;2.1024;0.0000;0.0000;0.0000;
"/FT601_D5";"Default";2.1024;0;0.0000;2.1024;0.0000;2;2.1024;0.0000;0.0000;0.0000;
"/FT601_D4";"Default";2.1024;0;0.0000;2.1024;0.0000;2;2.1024;0.0000;0.0000;0.0000;
"/FT601_OE";"Default";27.2917;0;0.0000;27.2917;0.0000;2;27.2917;0.0000;0.0000;0.0000;
"/FT601_RD";"Default";27.1292;0;0.0000;27.1292;0.0000;2;27.1292;0.0000;0.0000;0.0000;
"/FT601_WR";"Default";26.8917;0;0.0000;26.8917;0.0000;2;26.8917;0.0000;0.0000;0.0000;
"/D8_RECONFIG";"Default";3.2897;1;0.0000;3.2897;0.0000;1;3.2897;0.0000;0.0000;0.0000;
"/FT601_SIWU";"Default";26.6917;0;0.0000;26.6917;0.0000;2;26.6917;0.0000;0.0000;0.0000;
"/FT601_D23";"Default";1.8453;0;0.0000;1.8453;0.0000;2;1.8453;0.0000;0.0000;0.0000;
"/FT601_D22";"Default";1.8453;0;0.0000;1.8453;0.0000;2;1.8453;0.0000;0.0000;0.0000;
"/FT601_D21";"Default";1.8453;0;0.0000;1.8453;0.0000;2;1.8453;0.0000;0.0000;0.0000;
"/FT601_D20";"Default";1.8453;0;0.0000;1.8453;0.0000;2;1.8453;0.0000;0.0000;0.0000;
"/FT601_D19";"Default";1.9696;0;0.0000;1.9696;0.0000;2;1.9696;0.0000;0.0000;0.0000;
"/FT601_D18";"Default";1.9696;0;0.0000;1.9696;0.0000;2;1.9696;0.0000;0.0000;0.0000;
"/FT601_D17";"Default";1.9696;0;0.0000;1.9696;0.0000;2;1.9696;0.0000;0.0000;0.0000;
"/FT601_D16";"Default";1.9696;0;0.0000;1.9696;0.0000;2;1.9696;0.0000;0.0000;0.0000;
